问题,回答,医生信息,医院信息
"患者咨询
失恋后失眠怎么办？",建议患者做心理咨询，如果多种因素引起的这些症状，考虑患者目前处在一个焦虑抑郁状态。可以使用劳拉西泮改善患者的睡眠。中药方面可以考虑安神补脑液或甜梦口服液。心情不好时可以找高医生倾诉，希望患者尽快恢复过来。,高学正主治医师,"无锡市精神卫生中心
三甲"
失恋失眠睡不着怎么办？,首先要调整好自己的心态，不要胡思乱想，既然失恋了，那么要就要整理一下自己的情绪。平复一下自己的心情。坚持每天晨起慢跑，锻炼20分钟。增强体质。分散自己的注意力。,郑志君副主任医师,"朝阳市中心医院
三甲"
失恋导致失眠怎么办,"很多人在谈恋爱刚分手后就会感觉难过和各种心理上的不适应，常常导致失眠，不容易睡着，那么失恋导致失眠应该怎么办呢，应该怎么正确面对呢？一起来看看吧! 失恋导致失眠怎么办 1、失恋导致失眠怎么办 失恋了失眠怎么办?现在的年轻人似乎总是面对类似的问题。失恋了,心情不好,产生失眠是比较正常的现象,",尹德海主任医师,"北京协和医院
三甲 | 全国第1"
失恋后失眠怎么调整,失恋后出现失眠现象主要是由于精神因素所引起的，可以在睡觉前喝一杯热牛奶，牛奶可以起到促进睡眠的作用。也可以用温水泡脚或洗一个热水澡，可以促进血液循环，有助于睡眠。,黄世昌副主任医师,"北京大学第一医院
三甲 | 全国第12"
失恋抑郁症多久能好,因失恋导致的抑郁症，多久能好，这个真的不好说，这要看自我的调节能力以及治疗的情况，既然失恋了，那就说明你们是不合适的年轻人谈恋爱失恋是一个常见的现象，学会接纳自己的选择，不要再关注前任的任何事情，鼓励自己与周围的人沟通交流，再结交新的朋友，找适合自己的，多培养些兴趣，爱好，时间是良药，慢慢的你会走出来的。,梁龙腾副主任医师,"枣庄市立医院
三甲"
失恋后失眠怎么办,失恋后的失眠是创伤后应激障碍的一种表现。受首先患者可以给自己积极的心理暗示，培养独立坚强的性格。同时可以加大运动量，比如每天抽出固定的时间进行有氧运动和无氧运动。还可以尝试开发兴趣爱好，分散自己的注意力。如果上述方法都不能改善症状，建议患者寻求心理医生的帮助。也可以服用佐匹克隆或者右佐匹克隆或者阿普唑仑等来帮助睡眠。,王兴邦主治医师,"山东大学齐鲁医院
三甲 | 全国第24"
失恋失眠睡不着怎么办？,失恋失眠睡不着，是因为心理因素引起的。建议：你要调整自己的心态，失恋并不是什么大事，可以多与朋友交流，多做一些户外运动，增加疲惫感，有利于晚上睡觉，必要时可以借助安眠药物。,吴永明副主任医师,"南方医科大学南方医院
三甲 | 全国第18"
失恋导致失眠怎么办,失恋导致的失眠，是因为心理上受伤出现了一种应激反应，建议最好要养成良好的独立性格，失眠导致的睡眠不好，可以适当的调整自己的情绪，要正确面对失恋，可以多跟朋友或者是亲人聊聊天，白天的时候适当的增加一些运动锻炼。,宋忠花副主任医师,"山东省立第三医院
三甲"
因为失恋然后失眠，两个晚上没有睡好觉了,因为失恋失眠了。这种情况是可以理解的。要及时的调整自己的心态，不要胡思乱想。失恋是很正常的，也是人生当中很多人都需要经历的。失恋了，说明你们没有缘分。你可以开始下一段的感情。要学会忘记，学会接纳自己。,孙连庆主任医师,"西安交通大学第一附属医院
三甲 | 全国第63"
失恋失眠怎么办,您好，改善失眠的方法有：1、放松法：在躺下后用意念引导，从头发、眉毛、眼皮、面部、肩部一直想到脚趾，依次逐步放松；正常呼吸，吸气时想部位，呼气时放松；要做到心平气和；2、调整思维方法，一切顺其自然，保持心态平和最重要；3、坚持每天晨起慢跑锻炼20分钟，增强体质；4、睡前洗个热水澡或泡脚半小时，听轻松愉快的音乐；有助于改善失眠症状；5、按摩法：经常用右手心搓左脚掌心；左手心搓右脚掌心；6、多吃些有助睡眠的食物，如牛奶、苹果、大枣、莲子、百合、桂圆、葡萄、小米等。7、养成较规律的生活习惯；治疗失眠的方法就是这么简单，贵在坚持。现在失恋的人有那么多，多自己一个也不算多，我们要想开点，没有什么过不了的坎。感谢对我的信任，希望可以帮到你，祝你健康！,龚新宇副主任医师,"中日友好医院
三甲 | 全国第43"
失恋失眠睡不着怎么办？,失恋失眠睡不着，是因为心理因素引起的。建议：你要调整自己的心态，失恋并不是什么大事，可以多与朋友交流，多做一些户外运动，增加疲惫感，有利于晚上睡觉，必要时可以借助安眠药物。,吴永明副主任医师,"南方医科大学南方医院
三甲"
失恋导致失眠怎么办,失恋导致的失眠，主要是由于思想负担过重，精神受到较大的打击，睡眠时间不足等因素导致的。首先患者要学会释放压力，调整自己的心态，换一种思维方式把自己从困境中解脱出来。每天坚持半小时左右的户外活动，有助于促进睡眠缓解失眠症状。其次，如果失眠症状比较严重，建议患者适当服用营养神经的药物，例如谷维素或者B族维生素等。,赵文霞副主任医师,"吉林市人民医院
三甲"
失恋睡不着怎么办,失恋睡不着的解决办法有很多，比如加强锻炼、分散注意力、心理疏导等。\n1、坚持每天晨起慢跑锻炼20分钟，增强体质；2、调整思维方法，一切顺其自然，保持心态平和最重要；3、睡前洗个热水澡或泡脚半小时，听轻松愉快的音乐;成较规律的生活习惯4、按摩法：经常用右手心搓左脚掌心;左手心搓右脚掌心；5、多吃些有助睡眠的食物，如牛奶、大枣、莲子、百合。失恋是许多人一生中必然要经历的事情，因此希望你能及时的调整好心态，积极的面对以后的感情生活。\n失恋之后，如果失眠情况严重，建议去正规的医院，进行详细的检查，由医生指导、用药并得到正确的治疗，自己最好不要乱用药。,刘毅君副主任医师,"湖南省脑科医院
三甲"
失恋失眠一直不知道困,"你好，根据你的这种情况属于神经衰弱，心情不好，精神紧张和生活压力大都是可以引起的，治疗建议口服谷维素，健脑补肾丸和安神胶囊。养成良好的休息习惯,避免劳累,缓解自己的压力,保持愉快的心情.并注意改善睡眠环境有利于减轻大脑兴奋状态医生询问：",王宝枝主任医师,朝阳县医院
失恋失眠了怎么办,失恋失眠了要进行自我调理。应该学会释放压力，也应该逐渐接受这个事实，应该相信明天会更好。也可以和知己聊天，或者适当放松，转移注意力。听一些舒缓的音乐，或者做一些体育锻炼或户外运动，可以暂时缓解这种焦虑，缓解失眠症状。因此，自律非常重要，此外还可以通过洗个热水澡、喝牛奶或暂时服用镇静剂来改善症状。,张保华主任医师,"北京安定医院
三甲"
失恋失眠怎么调整,失恋失眠的调整方法包括以下几点：第一、注意情绪方面的调节，以积极的态度正确的面对失恋，保持良好的心态。第二、饮食方面的调节。平时尽量少吃生冷、辛辣刺激性食物，保持清淡饮食，确保营养均衡，每晚睡前喝杯热牛奶，可以用热水泡泡脚，听听舒缓的音乐，分散注意力，不要刻意的去想让自己烦恼的事情。第三、适当的药物调节，必要的时候可选择调节神经的药物，如谷维素和刺五加片等，促进睡眠。,赵文霞副主任医师,"吉林市人民医院
三甲"
失恋导致的抑郁症应该怎么办才好,如果你失恋导致抑郁症，像这种情况一定多鼓励自己与别人沟通交流，重新结交新的朋友，不要再关注前任的任何消息。找适合自己的。最好能去做个心理疏导和治疗，时间是良药，你慢慢的会走出来的。,常卫利副主任医师,"郑州大学第一附属医院
三甲"
失恋导致的抑郁症治得好吗,首先这种情况当然能够治好的，首先你要认识到精神疾病，其实90%的治疗还在于自己，最终还是要靠自己的力量才能走出这失恋的阴霾。首先你要发展自我，不停的在自己的专业上取得更大的进展，把精力都放在自己的专业水平上，等到你更加优秀了，就会有人来爱你。,王炳乾主治医师,"十堰市中医医院
三甲"
失眠的治疗最好方法,失眠是睡眠障碍的一种表现形式，临床上常见表现为难以入睡、睡眠质量差、易惊醒等。由于存在个体差异，没有“治疗失眠最好的方法”这种说法。一般情况下，治疗失眠的方法有调整睡眠环境、改善睡眠习惯、心理治疗等。具体分析如下：1.调整睡眠环境：保持安静和黑暗的睡眠环境，维持适宜的温度和湿度，保证床铺整洁舒适，有助于提高睡眠质量。2.改善睡眠习惯：每晚睡觉和起床时间要保持一致，避免熬夜和午睡，避免在床上看电视或玩手机等，有助于培养健康的睡眠习惯。3.心理治疗：通过认知行为疗法、催眠疗法、放松疗法等心理治疗方法，有助于改善焦虑、压力等精神因素对睡眠的影响。除以上方法外，还可以采用其他方法，例如按摩、推拿、药物治疗等。如果不适症状严重，建议及时前往医院就诊。同时，要注意保持健康的生活方式，如定时锻炼、饮食均衡、避免熬夜等，有助于提高睡眠质量。,刘晓来主任医师,"沈阳医学院附属第二医院
三甲"
失恋失眠怎么办,你好，出现这种的失眠是由于出现精神的刺激所造成的，在出现这种的失眠的症状之后，也是需要根据情况及时的选择进行药物的调理，通过使用营养神经、调理失眠的药物进行对症治疗，此外需要注意情绪的平复，在情绪稳定之后，一般上述的这种的失眠的症状也是可以逐渐的恢复的。,刘光伟主任医师,"河南中医药大学第一附属医院
三甲"
"患者咨询
失恋后失眠怎么办？",建议患者做心理咨询，如果多种因素引起的这些症状，考虑患者目前处在一个焦虑抑郁状态。可以使用劳拉西泮改善患者的睡眠。中药方面可以考虑安神补脑液或甜梦口服液。心情不好时可以找高医生倾诉，希望患者尽快恢复过来。,高学正主治医师,"无锡市精神卫生中心
三甲"
失恋失眠睡不着怎么办？,首先要调整好自己的心态，不要胡思乱想，既然失恋了，那么要就要整理一下自己的情绪。平复一下自己的心情。坚持每天晨起慢跑，锻炼20分钟。增强体质。分散自己的注意力。,郑志君副主任医师,"朝阳市中心医院
三甲"
失恋导致失眠怎么办,"很多人在谈恋爱刚分手后就会感觉难过和各种心理上的不适应，常常导致失眠，不容易睡着，那么失恋导致失眠应该怎么办呢，应该怎么正确面对呢？一起来看看吧! 失恋导致失眠怎么办 1、失恋导致失眠怎么办 失恋了失眠怎么办?现在的年轻人似乎总是面对类似的问题。失恋了,心情不好,产生失眠是比较正常的现象,",尹德海主任医师,"北京协和医院
三甲 | 全国第1"
失恋后失眠怎么调整,失恋后出现失眠现象主要是由于精神因素所引起的，可以在睡觉前喝一杯热牛奶，牛奶可以起到促进睡眠的作用。也可以用温水泡脚或洗一个热水澡，可以促进血液循环，有助于睡眠。,黄世昌副主任医师,"北京大学第一医院
三甲 | 全国第12"
失恋抑郁症多久能好,因失恋导致的抑郁症，多久能好，这个真的不好说，这要看自我的调节能力以及治疗的情况，既然失恋了，那就说明你们是不合适的年轻人谈恋爱失恋是一个常见的现象，学会接纳自己的选择，不要再关注前任的任何事情，鼓励自己与周围的人沟通交流，再结交新的朋友，找适合自己的，多培养些兴趣，爱好，时间是良药，慢慢的你会走出来的。,梁龙腾副主任医师,"枣庄市立医院
三甲"
失恋后失眠怎么办,失恋后的失眠是创伤后应激障碍的一种表现。受首先患者可以给自己积极的心理暗示，培养独立坚强的性格。同时可以加大运动量，比如每天抽出固定的时间进行有氧运动和无氧运动。还可以尝试开发兴趣爱好，分散自己的注意力。如果上述方法都不能改善症状，建议患者寻求心理医生的帮助。也可以服用佐匹克隆或者右佐匹克隆或者阿普唑仑等来帮助睡眠。,王兴邦主治医师,"山东大学齐鲁医院
三甲 | 全国第24"
失恋失眠睡不着怎么办？,失恋失眠睡不着，是因为心理因素引起的。建议：你要调整自己的心态，失恋并不是什么大事，可以多与朋友交流，多做一些户外运动，增加疲惫感，有利于晚上睡觉，必要时可以借助安眠药物。,吴永明副主任医师,"南方医科大学南方医院
三甲 | 全国第18"
失恋导致失眠怎么办,失恋导致的失眠，是因为心理上受伤出现了一种应激反应，建议最好要养成良好的独立性格，失眠导致的睡眠不好，可以适当的调整自己的情绪，要正确面对失恋，可以多跟朋友或者是亲人聊聊天，白天的时候适当的增加一些运动锻炼。,宋忠花副主任医师,"山东省立第三医院
三甲"
因为失恋然后失眠，两个晚上没有睡好觉了,因为失恋失眠了。这种情况是可以理解的。要及时的调整自己的心态，不要胡思乱想。失恋是很正常的，也是人生当中很多人都需要经历的。失恋了，说明你们没有缘分。你可以开始下一段的感情。要学会忘记，学会接纳自己。,孙连庆主任医师,"西安交通大学第一附属医院
三甲 | 全国第63"
失恋失眠怎么办,您好，改善失眠的方法有：1、放松法：在躺下后用意念引导，从头发、眉毛、眼皮、面部、肩部一直想到脚趾，依次逐步放松；正常呼吸，吸气时想部位，呼气时放松；要做到心平气和；2、调整思维方法，一切顺其自然，保持心态平和最重要；3、坚持每天晨起慢跑锻炼20分钟，增强体质；4、睡前洗个热水澡或泡脚半小时，听轻松愉快的音乐；有助于改善失眠症状；5、按摩法：经常用右手心搓左脚掌心；左手心搓右脚掌心；6、多吃些有助睡眠的食物，如牛奶、苹果、大枣、莲子、百合、桂圆、葡萄、小米等。7、养成较规律的生活习惯；治疗失眠的方法就是这么简单，贵在坚持。现在失恋的人有那么多，多自己一个也不算多，我们要想开点，没有什么过不了的坎。感谢对我的信任，希望可以帮到你，祝你健康！,龚新宇副主任医师,"中日友好医院
三甲 | 全国第43"
失恋失眠睡不着怎么办？,失恋失眠睡不着，是因为心理因素引起的。建议：你要调整自己的心态，失恋并不是什么大事，可以多与朋友交流，多做一些户外运动，增加疲惫感，有利于晚上睡觉，必要时可以借助安眠药物。,吴永明副主任医师,"南方医科大学南方医院
三甲"
失恋导致失眠怎么办,失恋导致的失眠，主要是由于思想负担过重，精神受到较大的打击，睡眠时间不足等因素导致的。首先患者要学会释放压力，调整自己的心态，换一种思维方式把自己从困境中解脱出来。每天坚持半小时左右的户外活动，有助于促进睡眠缓解失眠症状。其次，如果失眠症状比较严重，建议患者适当服用营养神经的药物，例如谷维素或者B族维生素等。,赵文霞副主任医师,"吉林市人民医院
三甲"
失恋睡不着怎么办,失恋睡不着的解决办法有很多，比如加强锻炼、分散注意力、心理疏导等。\n1、坚持每天晨起慢跑锻炼20分钟，增强体质；2、调整思维方法，一切顺其自然，保持心态平和最重要；3、睡前洗个热水澡或泡脚半小时，听轻松愉快的音乐;成较规律的生活习惯4、按摩法：经常用右手心搓左脚掌心;左手心搓右脚掌心；5、多吃些有助睡眠的食物，如牛奶、大枣、莲子、百合。失恋是许多人一生中必然要经历的事情，因此希望你能及时的调整好心态，积极的面对以后的感情生活。\n失恋之后，如果失眠情况严重，建议去正规的医院，进行详细的检查，由医生指导、用药并得到正确的治疗，自己最好不要乱用药。,刘毅君副主任医师,"湖南省脑科医院
三甲"
失恋失眠一直不知道困,"你好，根据你的这种情况属于神经衰弱，心情不好，精神紧张和生活压力大都是可以引起的，治疗建议口服谷维素，健脑补肾丸和安神胶囊。养成良好的休息习惯,避免劳累,缓解自己的压力,保持愉快的心情.并注意改善睡眠环境有利于减轻大脑兴奋状态医生询问：",王宝枝主任医师,朝阳县医院
失恋失眠了怎么办,失恋失眠了要进行自我调理。应该学会释放压力，也应该逐渐接受这个事实，应该相信明天会更好。也可以和知己聊天，或者适当放松，转移注意力。听一些舒缓的音乐，或者做一些体育锻炼或户外运动，可以暂时缓解这种焦虑，缓解失眠症状。因此，自律非常重要，此外还可以通过洗个热水澡、喝牛奶或暂时服用镇静剂来改善症状。,张保华主任医师,"北京安定医院
三甲"
失恋失眠怎么调整,失恋失眠的调整方法包括以下几点：第一、注意情绪方面的调节，以积极的态度正确的面对失恋，保持良好的心态。第二、饮食方面的调节。平时尽量少吃生冷、辛辣刺激性食物，保持清淡饮食，确保营养均衡，每晚睡前喝杯热牛奶，可以用热水泡泡脚，听听舒缓的音乐，分散注意力，不要刻意的去想让自己烦恼的事情。第三、适当的药物调节，必要的时候可选择调节神经的药物，如谷维素和刺五加片等，促进睡眠。,赵文霞副主任医师,"吉林市人民医院
三甲"
失恋导致的抑郁症应该怎么办才好,如果你失恋导致抑郁症，像这种情况一定多鼓励自己与别人沟通交流，重新结交新的朋友，不要再关注前任的任何消息。找适合自己的。最好能去做个心理疏导和治疗，时间是良药，你慢慢的会走出来的。,常卫利副主任医师,"郑州大学第一附属医院
三甲"
失恋导致的抑郁症治得好吗,首先这种情况当然能够治好的，首先你要认识到精神疾病，其实90%的治疗还在于自己，最终还是要靠自己的力量才能走出这失恋的阴霾。首先你要发展自我，不停的在自己的专业上取得更大的进展，把精力都放在自己的专业水平上，等到你更加优秀了，就会有人来爱你。,王炳乾主治医师,"十堰市中医医院
三甲"
失眠的治疗最好方法,失眠是睡眠障碍的一种表现形式，临床上常见表现为难以入睡、睡眠质量差、易惊醒等。由于存在个体差异，没有“治疗失眠最好的方法”这种说法。一般情况下，治疗失眠的方法有调整睡眠环境、改善睡眠习惯、心理治疗等。具体分析如下：1.调整睡眠环境：保持安静和黑暗的睡眠环境，维持适宜的温度和湿度，保证床铺整洁舒适，有助于提高睡眠质量。2.改善睡眠习惯：每晚睡觉和起床时间要保持一致，避免熬夜和午睡，避免在床上看电视或玩手机等，有助于培养健康的睡眠习惯。3.心理治疗：通过认知行为疗法、催眠疗法、放松疗法等心理治疗方法，有助于改善焦虑、压力等精神因素对睡眠的影响。除以上方法外，还可以采用其他方法，例如按摩、推拿、药物治疗等。如果不适症状严重，建议及时前往医院就诊。同时，要注意保持健康的生活方式，如定时锻炼、饮食均衡、避免熬夜等，有助于提高睡眠质量。,刘晓来主任医师,"沈阳医学院附属第二医院
三甲"
失恋失眠怎么办,你好，出现这种的失眠是由于出现精神的刺激所造成的，在出现这种的失眠的症状之后，也是需要根据情况及时的选择进行药物的调理，通过使用营养神经、调理失眠的药物进行对症治疗，此外需要注意情绪的平复，在情绪稳定之后，一般上述的这种的失眠的症状也是可以逐渐的恢复的。,刘光伟主任医师,"河南中医药大学第一附属医院
三甲"
失恋后失眠怎么调整,失恋后失眠，应该积极进行心理治疗，进行自我调整、自我暗示、行为治疗等等，来改善、减轻症状。要学会关注目前的生活，要规律的生活，按时作息，可以适当用调整睡眠和抗焦虑、抑郁的药物来对症治疗。还要适当的运动，如快走、慢跑、游泳等等，可以促进多巴胺的分泌，改善睡眠质量和心情。通过努力的学习、工作，增加人际交往，通过调整睡眠和自我的心理治疗、暗示治疗，可以改善失恋后的失眠症状。,陈文珍副主任医师,"上海交通大学医学院附属瑞金医院
三甲"
失恋了晚上失眠，好不容易睡,出现失眠的原因本病可由精神压力大，社会心理因素引起。多注意休息，避免劳累放松心情，如果压力过大，学会自己释放，也可以通过口服中药来调理睡眠。建议您多注意饮食调理，多吃蔬菜水果补充维生素，增加自身免疫力。,陆红主任医师,"锦州市中心医院
三甲"
失恋导致的抑郁症怎么治疗好？,要减少患者独处的时间，多陪伴她，积极让患者参加体育运动，让患者发现生活中的美好、让她慢慢找回自信，发现乐趣。另外还可以带患者出去旅游，缓解压抑的气氛。多吃绿色蔬菜、香蕉等食物，具有抗忧郁的效果。,甘照宇副主任医师,"中山大学附属第三医院
三甲"
失恋了失眠怎么办,失恋了失眠可采取一般治疗、药物治疗、心理治疗等方式缓解症状。1.一般治疗患者应调整思维方式，可以分散注意力，例如听轻松的音乐或进行运动，有利于心情放松，睡前可以泡脚，帮助入睡，改善睡眠质量。2.药物治疗患者还可使用药物治疗，例如口服艾司唑仑片、阿普唑仑片等药物帮助入睡。3.心理治疗患者还可寻求心理医生的帮助，改善认知，通过专业的放松训练改善失眠现象。,张萌萌副主任医师,"山东省立医院
三甲"
失眠睡不着有什么好的方法解决,一般情况下，失眠是指难以入睡或难以保持足够睡眠的状态，如果症状比较严重，可能会影响生活质量。建议通过养成良好的睡眠习惯、创造良好的睡眠环境、放松身心、避免刺激性物质、适当运动、使用药物的方式改善相关情况。1.养成良好的睡眠习惯：尽量在同一时间上床睡觉和起床，保持作息规律。2.创造良好的睡眠环境：确保卧室安静、舒适、温度适宜，床上用品干净舒适。3.放松身心：睡前可以进行一些放松练习，如深呼吸、冥想、瑜伽等，有助于缓解压力，放松身心。4.避免刺激性物质：睡前避免饮用咖啡、饮料、吸烟等刺激性物质，该类物质会影响睡眠质量。5.适当运动：适当的体育锻炼可帮助缓解压力和焦虑，有助于促进睡眠。6.使用药物：如果患者的病情比较严重，且失眠持续时间较长，建议遵医嘱使用七叶神安片、艾司唑仑片、甜梦胶囊等药物改善病情。需要注意的是，缓解失眠需要一定的时间和耐心，如果失眠问题持续存在或加重，建议及时就医。,刘晓来主任医师,"沈阳医学院附属第二医院
三甲"
失恋心情不好会导致抑郁症吗？,你好，失恋确实是让人很痛苦很郁闷的一件事情，长期如此下去，很有可能会导致抑郁症的发生。你还年轻，眼光要放长远一些，现阶段你正是增加人生阅历获取各种知识增强判断力的时候，可以多做一些运动，多跟朋友们聊聊天，把视线转移开，心情自然慢慢的就好了。注意不要饮酒。,常卫利副主任医师,"郑州大学第一附属医院
三甲"
失恋失眠了怎么办,失恋失眠可以通过睡眠卫生教育、认知行为治疗、药物治疗等方面改善睡眠质量。1、睡眠卫生教育养成规律的作息时间，睡前的3-4个小时左右需避免进行剧烈运动。睡前避免饮用浓茶、咖啡、酒等饮品，晚餐不宜空腹或进食过饱。2、认知行为治疗如果有午睡的习惯尽量控制在半小时之内或避免午睡，白天需减少卧床的时间，避免在床上玩手机或看电视，没有睡意时避免上床。3、药物治疗如果失眠症状严重可遵医嘱服用苯二氮卓类药物改善，比如地西泮片、劳拉西泮片、艾司唑仑片等。,张萌萌副主任医师,"山东省立医院
三甲"
"患者咨询
失恋后抑郁怎么办？",不建议自己随意调整药物，建议去住院系统治疗，在家自行调整药物容易出现药物副作用。如果患者拒绝去住院，可以考虑强制送去医院治疗，或者打120。,于现庆副主任医师,"聊城市第四人民医院
三甲"
失恋了失眠怎么办,你好，根据你叙述的情况和想咨询的问题。你既然已经知道马上就要高考了。需要投入到紧张的复习当中去。所以你可以把想他的时间去用做复习。尽量不去想他，然后睡前泡泡脚，喝杯热牛奶，有助于睡眠。,张永霞副主任医师,"青海省中医院
三甲"
治疗失眠的最好方法,一般情况下，没有治疗失眠的最好方法的说法，治疗失眠的方法包括保持睡眠规律、创造良好的睡眠环境、改善睡前习惯等。具体分析如下：1、保持睡眠规律：建立规律的睡眠时间表，每天保持相同的起床时间和就寝时间，即使在周末也要尽量保持一致。避免长时间的午睡，特别是在傍晚和晚上。2、创造良好的睡眠环境：保持安静、温暖、暗度适宜的睡眠环境。确保床垫和枕头舒适，尽可能减少噪音、光线和干扰。3、改善睡前习惯：创建一个放松的睡前例行程序，例如温水浸泡、放松呼吸练习、阅读或听轻柔的音乐等。避免使用电子产品，如手机、平板电脑等，因为其蓝光可能干扰睡眠。除以上方法外，还有其他方法，例如行为疗法、药物治疗。不同的治疗方法对不同的个人可能具有不同的效果。如果有持续的失眠问题，建议咨询医生或专业的健康护理提供者，以获取个性化的建议和治疗方案。,刘晓来主任医师,"沈阳医学院附属第二医院
三甲"
